MID,UID,评论时间,评论内容,评论人UID,评论人昵称,评论人个性签名,关注数量,粉丝数量,点赞数量,作品数,IP所属
4324841614041646	,5893658401	,2019-01-04 20:47:45,[1]http://t.cn/EGq8Hpv ,5893658401,免单线报君,一个既能省钱又能赚钱的微博，专注于免单、漏洞券及各种内部优惠券,25432,66,0,91323,北京 西城区
4325841108494133	,5584816354	,2019-01-07 14:59:23,[1]http://t.cn/EGWUvqB ,5584816354,酸甜咸小白菜,群促网资深导购 quncu.com,134,106,0,53201,河南
4325841104299123	,6722589854	,2019-01-07 14:59:22,[1]http://t.cn/EGWUv5v ,6722589854,一墨装修,实体公司，有自己的设计施工团队。 价格虽低，质量效果绝对行业领先。,76933,182,0,42499,河南
4325841103763132	,2353539157	,2019-01-07 14:59:22,[1]http://t.cn/EGWUv5h ,2353539157,猫咪官网,网站付费广告，请私信。,152901,162,0,55530,河南 郑州
4325841103763032	,2334937291	,2019-01-07 15:44:28,质量好,2170828001,真0开0玩0笑,喜欢音乐,181,482,0,6329,福建 莆田
4325841103763032	,2334937291	,2019-01-07 14:59:22,[1]http://t.cn/EGWUvqw ,2334937291,菠萝,商务广告合作，联系V：158115861,166200,408,4,101027,北京
4325841103762894	,6467529864	,2019-01-07 14:59:22,[1]http://t.cn/EGWUvqX ,6467529864,遗憾留言板,此博为遗憾而来，为希望所去！,72,27,0,50038,其他
4325831612039577	,1994972830	,2019-01-07 14:21:34,领券下单：http://t.cn/EGOehSo  → →[微风]复制本信息，(YA5DbqZ1OaC)，打开“陶宝”即可下单,1994972830,分享一下,爱足球 爱购物 爱生活，滚动播出淘宝天猫，白菜，优惠，免单各种活动,1744,726,0,19527,上海 长宁区
4325830337697424	,1955136070	,2019-01-07 14:16:26,http://t.cn/RBSYVzl如果地址打不开就复制这条信息，(x9PubqZaBK1) ，打开【手淘】即可,1955136070,万物心选棒棒糖,邀请码：515323，✨：qingma626,155499,60,0,95587,山东 济南
4325802386337840	,6347522407	,2019-01-07 12:25:27,（1）领/拍:http://t.cn/EG0R3M5    （2）领/拍:http://t.cn/EG0nkiH    （3）领/拍:http://t.cn/EG0e8iJ    （4）领/拍:http://t.cn/EGOPbYP    （5）领/拍:http://t.cn/EGO2CJP,6347522407,泉泉爱学习,课程内容每天更新，加微信：qq10545135,97,928,0,7327,浙江
4326231623540034	,1926776822	,2019-01-08 16:51:03,复制这条信息，(3ZFXbqgySlM) ，打开【手淘】即可查看,1926776822,美团圈圈达人社,美团圈圈，分享生活圈！,215271,638,0,17472,福建 泉州
4333040278823200	,6375280630	,2019-01-27 12:03:38,亲： 非常抱歉给您带来不便了，使用中有任何问题和建议，欢迎私信小四妹儿，也可戳这里：http://t.cn/RImuk6Y无缝对接可爱的在线客服，感谢您的支持。,2822591784,四川移动10086,最新的移动行业动态、最热的优惠活动资讯，还有最萌在线客服等着你，尽在@四川移动10086官方微博。亲们使用中有任何问题和建议，可以私信小四妹儿，服务时间为：周一至周五8:30-17:30（法定节假日除外），其余时间亲们可以留言，小四妹儿上线后将一一回复，感谢大家的支持。,161185,197,0,3625,四川
4351221466741426	,1141583730	,2019-03-18 16:13:01,您好，非常抱歉给您造成不良感知，为了保障您的信息安全和更好的了解相关情况，亲可将您遇到问题的互联网电视账号、联系方式私信与我们说明，我们第一时间为您核实处理，感谢您的支持与理解！[心],1925535860,福建移动10086官方微博,中国移动福建公司客服中心为您提供便捷的服务渠道： ★网上营业厅：http://www.fj.10086.cn 或上网搜索“福建移动” ★掌上营业厅：手机登录 wap.fj.10086.cn 或发送“WAP”至10086 ★短信营业厅：发送“10086”至10086 发短信就可办理业务或直接编辑中文指令发送到10086★24小时自助终端：在实体营业厅的自助终端机进行交费或业务查询办理。福建移动将以优质的服务为您提供全面的通信服务！ 记得关注@福建移动10086 哦~~,161749,393,0,34078,福建
4351221466741426	,1141583730	,2019-03-18 16:08:25,您好，非常抱歉给您带来不良感知，请将您的联系方式和具体问题通过私信告知我们，我们会尽快帮您核实的，谢谢！,1991428685,中国移动10086,给大家提供满意的服务，我们是专业的⁄(⁄ ⁄•⁄ω⁄•⁄ ⁄)⁄,19948804,559,0,51612,北京
4351508377996332	,6675313487	,2019-03-19 10:55:35,转发微博,6609392126,茗月折,我负责搭配你负责穿👙,13113,2586,0,69514,其他
4360021217713797	,2121773547	,2019-04-12 08:50:48,您好，很抱歉给您带来不愉快的体验，请您将遇到的问题、出现问题的号码，以及联系方式发送私信给我们，我们的工作人员会尽快为您核实处理。我们会不断完善提升我们各项服务，感谢您对中国移动的支持！,2001627641,中国移动,你的围脖好友、身边的通信专家，又和你见面啦！在这里，中国移动“和”你一起，分享新业务、新服务与新技术。感谢有你，一路相伴~了解更多资讯，请登录www.10086.cn,11837699,648,1,53544,北京 西城区
4378471990044640	,2743608742	,2019-06-18 06:40:52,就是这遥控器你无论怎么样都是控制不了电视，这就是忽悠你的，我这边也是这种情况。,2743608742,手机用户2743608742,用心对待，用事实说话，做个诚实公民。,10,48,0,57,江苏 盐城
4395459768030793	,6432322121	,2019-07-18 17:39:05,  http://t.cn/Ail2RLof  ,6432322121,放羊小伙成一真,没事放放羊，吹牛不撒谎。,24759,247,0,19384,西藏
4401218220524588	,1832196261	,2021-02-09 18:05:21,可以携号转网了,2097277654,冥王星上的老风车,,69,48,0,24,福建 三明
4401218220524588	,1832196261	,2019-08-04 07:04:18,捆绑,1567810002,tianqichao,墙内。双休日宅男。,1360,549,0,5847,福建 三明
4403000149673856	,2257032740	,2019-08-12 16:20:04,您好，您可以看看电视盒子的型号，然后去网站搜索适配的遥控器呀,1973576367,广东移动,本微博内容涉及网络的介绍以当时当地实际网络状况为准，涉及手机等终端的介绍以用户实际购买协议为准，涉及业务产品等其他相关内容以实际办理为准。本微博广告为要约邀请，而非要约。,7341050,117,0,458,广东
4405946623088242	,2934280947	,2019-08-16 16:11:01,拍12大洋的选项,2934280947,秒回你的菜,我们不一样~~找啥？直接聊我，人肉走心给你找。,7409,542,0,38163,广东 广州
4405946623088242	,2934280947	,2019-08-16 16:10:46,下，(FMGdYQheNqP),2934280947,秒回你的菜,我们不一样~~找啥？直接聊我，人肉走心给你找。,7409,542,0,38163,广东 广州
4413237736730207	,2585135767	,2019-09-16 14:10:31,被移动这样的消费套路搞得，心好累 怎么说呢，移动售前还行，售后就真的无目看 办个套餐容易，要取消就各种理由各种扯皮  最讨厌的还是客服说权限不够不能取消，官腔一大堆,5425835471,见我所见抒所思,背着生存压力找自我,39,10,1,20,其他
4413237736730207	,2585135767	,2019-09-06 09:14:23,您好，很抱歉给您带来不愉快的心情，请您通过私信提供一下您的号码和具体问题，我们会进一步详细了解并核实，感谢您的支持。,1991428685,中国移动10086,给大家提供满意的服务，我们是专业的⁄(⁄ ⁄•⁄ω⁄•⁄ ⁄)⁄,19948799,559,0,51612,北京
4413237736730207	,2585135767	,2019-09-05 19:06:24,取消了还是扣费了，真和强盗一样。中国有你们真是丢脸。[怒骂]@中国移动10086@中国移动  @中国政府网 @人民网舆情数据中心 @中国评论通讯社 @环球时报 @315消费保 http://t.cn/AiRnKYLZ,2585135767,网罗开开,猜猜吧,220,162,0,462,湖北
4425899304339359	,6033638289	,2019-10-11 16:32:08,亲，这种情况可以上黑猫哦，我们会为您持续跟进的   http://t.cn/RreNEQP 新浪网旗下专门解决消费纠纷的利民平台,6421111471,黑猫投诉,,2479613,559,0,39299,北京
4425899304339359	,6033638289	,2019-10-10 17:36:56,移动营业厅人员  直接说100兆和200兆基本没有区别   网速也就那样！生气   一下午2小时最少有5个以上去升级的  大家付被欺骗！,6033638289,知足常乐68141,知足常乐者悦载万事,38,66,0,31,其他
4427679434521878	,2107304135	,2019-10-15 15:28:32,[1]http://t.cn/AiugngQK ,2107304135,大白菜狸哥,"无论找任何淘宝内部券,可以搜下就找到了http://www.tquaner.com/",11695,488,0,144825,北京 东城区
4430847446671080	,6389254405	,2019-10-27 14:56:11,我也是 副卡是我弟在用 本来是说主卡有免费三个月的某咕会员  我也一直没用过 三个月之后我打电话过去取消了  到了第四个月我的主卡手机号是没有某咕会员了 tmd给我转到副卡继续扣费？把连续包月取消了还没用 还必须要拿着副卡到营业厅取消 而且我的套餐是98的 每个月固定给我扣100+ 真tm服了,5537836938,GD_strawberry,,116,44,0,238,广西 柳州
4430847446671080	,6389254405	,2019-10-24 11:35:27,移动经常乱办业务扣费，而且扣费没有短信通知，只要不查话费，连知道也不知道，被扣停机了才知道,2105466285,a小蝴蝶小披风,,193,340,0,6359,陕西 西安
4430847446671080	,6389254405	,2019-10-24 11:04:41,您好，很抱歉给您带来不愉快的心情，请您通过私信提供一下您的号码和具体问题，我们会进一步详细了解并核实，感谢您的支持。,2001627641,中国移动,你的围脖好友、身边的通信专家，又和你见面啦！在这里，中国移动“和”你一起，分享新业务、新服务与新技术。感谢有你，一路相伴~了解更多资讯，请登录www.10086.cn,11837696,648,0,53544,北京 西城区
4439674971639670	,1809677972	,2020-01-04 11:21:54,我家的老网络连接，网都好使，就是登录失败,2609052801,1stpcL,不许生气,489,291,0,2300,其他
4439674971639670	,1809677972	,2019-11-18 08:55:15,您好，很抱歉给您带来不愉快的心情，请您通过私信提供一下您的号码和具体问题，我们会进一步详细了解并核实，感谢您的支持。,1991428685,中国移动10086,给大家提供满意的服务，我们是专业的⁄(⁄ ⁄•⁄ω⁄•⁄ ⁄)⁄,19948799,559,0,51612,北京
4439674971639670	,1809677972	,2019-11-17 18:01:38,换电信,1885842344,银川嘎子,正宗银川人，正宗好嘎子！,16025,328,0,9621,宁夏 银川
4442207219883370	,6097203699	,2019-11-25 18:02:12,亲，为保护您的隐私，您可以私信我们，以便小编核实处理，感谢您的支持！,1932516703,辽宁移动10086官方微博,全心全意 只为您10分满意！,2177411,217,0,853,辽宁
4443543634370415	,2190554533	,2019-11-28 10:07:14,买买买~ :http://t.cn/AigtPotL,2190554533,找券多多,我叫多多，资深剁手党一枚，寻找优惠劵产品是我最大的兴趣，欢迎剁手党关注~~,208165,60,0,157132,广东 广州
4446833273724257	,3606949911	,2019-12-07 14:22:44,不要在别人的眼光里找快乐，否则永远悲哀；,3024584024,-失恋信箱-,,183051,4732,0,7947,湖北
4446833273724257	,3606949911	,2019-12-07 13:31:39,太秀了！小朋友提前走上了“人生巅峰”！学了少儿编程的，小朋友不但可以设计小机器人，而且还能升学特招，更对孩子的前程有着不可估量的影响！,7299909665,奇码星球,学少儿编程，请咨询我呦。,4109,4976,0,383,浙江
4446833273724257	,3606949911	,2019-12-07 12:13:35,酷,6559124342,心动·海盐出逃,内心宁静，则幸福,252,299,0,23804,其他
4446833273724257	,3606949911	,2019-12-07 12:11:28,2019陕西体育博览会小机器人走红,6091745067,得福轩HM,商务合作wx：jzqingjie58,577551,2249,0,20636,湖北 武汉
4446833273724257	,3606949911	,2019-12-07 12:09:22,小机器人太可爱了,6887659349,然后然后就没了67587,,1391,15351,0,35559,江苏
4446833273724257	,3606949911	,2019-12-07 12:09:17,期待着精彩表现出来，科技进步，日新月异，祝贺#一带一路伴我行[超话]##微盘点# ,1294811905,大海故乡PMPMBA,"PMP,项目管理咨询，体系审核，PMP案例，管理诊断，工程EPCPMCPC管理",43468,17494,0,121146,其他
4446833273724257	,3606949911	,2019-12-07 12:08:04,小机器人好可爱,6074111597,ZZZdididi,一直在转发，从未中过奖,12580,1691,0,211,北京 东城区
4446833273724257	,3606949911	,2019-12-07 12:07:26,中国移动5g. 我这里还用不上,5902411926,玩相機的小楊,hi起来,1388,3026,0,248566,广东
4446833273724257	,3606949911	,2019-12-07 12:05:07,#中国移动5G正式商用#支持支持支持支持 http://t.cn/EKjitmM,2837157583,暴富了没有,发财了,11539,5698,0,87437,北京
4446833273724257	,3606949911	,2019-12-07 12:05:02,期待5G新时代，畅想网络！,3948764988,天使之吻566,风雨人生，淡然在心，茫茫人海，相遇就是缘！,37210,2410,0,142925,湖南
4446833273724257	,3606949911	,2019-12-07 12:04:04,转发微博,6074682551,故居呀,,798,246,0,808,四川
4446833273724257	,3606949911	,2019-12-07 12:03:46,真是太厉害了，让我们看到科技力量都伟大，真是太棒了。,6322619459,悠悠饮水,搞笑幽默故事,25813,5025,0,64197,辽宁
4446833273724257	,3606949911	,2019-12-07 12:02:51,了解,5991460365,AL孤臣,看你看傻眼,459,257,0,4008,广东
4446833273724257	,3606949911	,2019-12-07 12:02:50,5G很快的速度,2447276532,心情好坏自已知,一个能从别人的观念来看事情，能了解别人心灵活动的人永远不必为自己的前途担心。,1166,295,0,18991,广东
4446833273724257	,3606949911	,2019-12-07 12:02:47,科技的力量真是伟大，让我们感受到生活的美好。,2263742031,琪琪和珃珃的Dady,孤云出岫，去留一无所系；朗镜悬空，静躁两不相干。,1115,1261,0,107329,山东
4446833273724257	,3606949911	,2019-12-07 12:02:31,好炫酷的机器人，好美好的科技生活,2162922680,体坛学妹,未来巨星姆巴佩！！！！,2359,12549,0,64458,安徽 合肥
4446833273724257	,3606949911	,2019-12-07 12:02:21,厉害了,6038397531,长欢哇,,369,1364,0,2,湖南 长沙
4446833273724257	,3606949911	,2019-12-07 12:02:22,好可爱的小机器人,2723870311,彭彭最可爱,,140,228,0,86,河南 郑州
4446833273724257	,3606949911	,2019-12-07 12:02:12,一起来享受了！5G时代不一样的体验！ 新的生活[心][心][心],6006829010,薛同学hany,微博 记录柠檬精的生活 爱薛之谦,3607,1375,0,17026,上海
4446833273724257	,3606949911	,2019-12-07 12:01:54,这黑科技太厉害了！,2974261084,四季寻踪,撸起袖子加油干！,1433,8283,0,231588,广东
4446833273724257	,3606949911	,2019-12-07 12:01:47,哇，好酷的样子5g都用在科技上了啊,3207546511,我是阿惠啊,拾饰--我是你们的美丽啊👯,963,1256,0,10997,广东 深圳
4446833273724257	,3606949911	,2019-12-07 12:01:45,厉害👍 厉害👍,5788749355,小纪烟袋2857,不以物喜不以己悲,3715,10929,0,68854,上海
4446833273724257	,3606949911	,2019-12-07 12:01:31,不错不错,7333197962,_林文凤_,我是不一样的烟火,3331,355,0,34286,其他
4446833273724257	,3606949911	,2019-12-07 12:01:11,这小机器人好可爱啊,5027427977,一直会飞的鹤,,118,207,0,213,河南 郑州
4447609420311532	,2607226734	,2019-12-09 15:50:32,看看,5890183211,回忆的轮廓,自己开心最重要，肖战开心很重要,176,312,0,2428,北京
4447609420311532	,2607226734	,2019-12-09 15:23:11,[1]http://t.cn/AieTYtgA ,2607226734,没得比APP,微信 qigusiji。中立的高性价比网购商品分享、推荐平台，始于2011年，11年坚持只做一件事。网购，省钱，没得比。,524171,487,0,425402,广东
4447860172565504	,5645578495	,2019-12-10 08:02:19,复制这条信息，$BJLuYBqly6t$，到【手机淘宝】即可查看 ​​​,5645578495,愿所得皆所愿啊,嘿！生活随遇而安😊,112945,146,0,25115,浙江
4452239513462729	,7353185991	,2019-12-22 14:40:43,您好，具体情况您可详细说明下，如方便的话，能否将您的联系方式私信小编，我们会尽快联系相关部门帮您核实处理。,2294213187,sdydzxkf01,,195,126,0,205,山东 济南
4457382081611032	,2697908461	,2020-01-05 16:52:44,您好，很抱歉给您带来不愉快的心情，请您通过私信提供一下您的号码和具体问题，我们会进一步详细了解并核实，感谢您的支持。,2001627641,中国移动,你的围脖好友、身边的通信专家，又和你见面啦！在这里，中国移动“和”你一起，分享新业务、新服务与新技术。感谢有你，一路相伴~了解更多资讯，请登录www.10086.cn,11837696,648,0,53544,北京 西城区
4467815912535734	,2190554533	,2020-02-03 09:36:35,买买买~ :http://t.cn/A6PjAcOx,2190554533,找券多多,我叫多多，资深剁手党一枚，寻找优惠劵产品是我最大的兴趣，欢迎剁手党关注~~,208165,60,0,157132,广东 广州
4467857041624061	,6348169302	,2020-02-03 12:19:51,"http://t.cn/A6PjWHB7，打不开的话,復.制这条,打开【手.掏】即可€EI2T1WDqLPA€",6348169302,45擦肩而过,人的智慧掌握着三把钥匙，一把开启数字，一把开启字母，一把开启音符。知识、思想、幻想就在其中。,150327,117,0,42488,湖南 常德
4468047719156302	,6053617812	,2020-02-04 01:37:57,加油老友,1658656622,数码傅姐,蝴蝶香妃,40556,2007,0,16775,上海
4468047719156302	,6053617812	,2020-02-04 01:06:45,[干杯],5927657552,恋爱情感挽回大师-伊琳,挽回前任、冷战、复婚复合、失恋心理指导、撩拨技巧等情感问题咨询唯❤112661884,73287,10007,0,6429,江苏
4468047719156302	,6053617812	,2020-02-04 00:59:04,[干杯],6916191187,Liuop55,,108255,553,0,719,四川
4468047719156302	,6053617812	,2020-02-04 00:58:33,[笑哈哈],7258490182,熊熊旅行日记,"有人说旅行是逃避现实,而我认为旅行是寻找现实。跟着我一起去旅行吧！ vx:chenqyz",19984,424,0,5079,四川 成都
4468047719156302	,6053617812	,2020-02-04 00:58:27,"如链接打不开[微风]复?製本条(HonE13b3q5M)打开（啕寶）即可种草  找心仪宝贝[微风]请留,评.",6053617812,好物省大叔,情感、恋爱、脱单.好物推荐、测评.,88495,13688,0,52491,广东 广州
4468047719156302	,6053617812	,2020-02-04 00:57:46,微博在于互动[心],3099367624,短的功课,专注美业10年 分享力所能及的变美芝士 别踩坑了，宝贝！  免费领取真实案例＋Luoba008,125512,2302,0,45898,上海
4468047719156302	,6053617812	,2020-02-04 00:57:39,[笑哈哈],5526394923,随风情感丫,,45967,1034,0,3045,湖北
4468047719156302	,6053617812	,2020-02-04 00:57:37,[好爱哦],5526394923,随风情感丫,,45967,1034,0,3045,湖北
4468047719156302	,6053617812	,2020-02-04 00:57:38,[给力],6684945412,教你挽回前任导师,情感挽回，婚姻修复，分离新欢，异地异国恋 ，同性恋分手挽回，老师VX…vs203203,10919,4040,0,1253,湖北 武汉
4468047719156302	,6053617812	,2020-02-04 00:57:36,任何时候都别忘记努力，付出甘之如饴，所得才会皆大欢喜。,1414207945,贝公子_Ava,商务合作及品牌推广请加vx:wwbd668,3073546,82,0,477,江苏 南京
4468186721904038	,2190554533	,2020-02-04 10:10:03,买买买~ :http://t.cn/A6PHSHer,2190554533,找券多多,我叫多多，资深剁手党一枚，寻找优惠劵产品是我最大的兴趣，欢迎剁手党关注~~,208165,60,0,157132,广东 广州
4468266132738156	,6451925890	,2020-02-04 15:25:26,"http://t.cn/A6PQiWWX，打不开的话,復.制这条,打开【手.掏】即可€C9j213d75pP€",6451925890,40小怪兽,,143258,91,0,45608,河南
4469694973492442	,5261643209	,2020-02-08 17:26:38,呃,2027086837,帅掉渣的土豪气质嘤嘤嘤,我自己最大的缺点是什么，我觉得最大的缺点就是没钱。,42,1258,0,71,四川 南充
4469694973492442	,5261643209	,2020-02-08 14:57:04,哦豁联通不得行[允悲][允悲],6531519460,兰亭辞,˃̶͈ ꇴ ˂̶͈,138,232,0,3114,四川
4469694973492442	,5261643209	,2020-02-08 14:08:09,这是个好消息,2044977520,米兔羔Yang,在这个有钱能使鬼推磨的时代，神……已经成为了弱势群体。,116,224,0,215,四川 成都
4471138258727997	,2190554533	,2020-02-12 13:38:25,买买买~ :http://t.cn/A6hLhPZJ,2190554533,找券多多,我叫多多，资深剁手党一枚，寻找优惠劵产品是我最大的兴趣，欢迎剁手党关注~~,208165,60,0,157132,广东 广州
4471928850623298	,1251415433	,2020-02-15 10:06:05,您好，如果您在使用移动业务过程中有任何的疑问，您可以私信形式联系我们，我们会尽快回复您，感谢您对中国移动关注与支持！,2001627641,中国移动,你的围脖好友、身边的通信专家，又和你见面啦！在这里，中国移动“和”你一起，分享新业务、新服务与新技术。感谢有你，一路相伴~了解更多资讯，请登录www.10086.cn,11837692,648,0,53545,北京 西城区
4473332093249818	,37123949	,2020-04-06 12:39:57,请问电脑可以用吗？,5072334947,观星lyx,,93,172,0,63,湖北 武汉
4473332093249818	,37123949	,2020-02-18 16:19:35,请问在线课堂四个频道有画面没声音怎么回回事？其他一百多个频都正常。,2750052131,kk不喜欢下雨天,简单生活,188,316,1,2443,湖北 武汉
4477034270570304	,7318805958	,2020-02-29 06:24:07,@奏耐天津,1743930583,MissYY1988,,461,230,0,111,天津 和平区
4479062204632301	,2880457420	,2020-03-05 12:07:37,哎，对移动太失望了,5508293530,石页兄台,时间带走了年少轻狂，也慢慢沉淀了冷暖自知,1135,671,0,1181,甘肃
4479062204632301	,2880457420	,2020-03-05 11:37:14,您好，很抱歉给您带来不愉快的心情，请您通过私信提供一下您的号码和具体问题，我们会进一步详细了解并核实，感谢您的支持。,2001627641,中国移动,你的围脖好友、身边的通信专家，又和你见面啦！在这里，中国移动“和”你一起，分享新业务、新服务与新技术。感谢有你，一路相伴~了解更多资讯，请登录www.10086.cn,11837692,648,0,53545,北京 西城区
4479603839876154	,2190554533	,2020-03-06 22:17:55,买买买~ :http://t.cn/A67urbjs,2190554533,找券多多,我叫多多，资深剁手党一枚，寻找优惠劵产品是我最大的兴趣，欢迎剁手党关注~~,208165,60,0,157132,广东 广州
4480701703189459	,2190554533	,2020-03-09 23:00:07,买买买~ :http://t.cn/A6zzNkT6,2190554533,找券多多,我叫多多，资深剁手党一枚，寻找优惠劵产品是我最大的兴趣，欢迎剁手党关注~~,208165,60,0,157132,广东 广州
4481031543556128	,2190554533	,2020-03-10 20:50:48,买买买~ :http://t.cn/A6z2TCgY,2190554533,找券多多,我叫多多，资深剁手党一枚，寻找优惠劵产品是我最大的兴趣，欢迎剁手党关注~~,208165,60,0,157132,广东 广州
4490431343466150	,2190554533	,2020-04-05 19:22:16,买买买~ :http://t.cn/A6ZueLpS,2190554533,找券多多,我叫多多，资深剁手党一枚，寻找优惠劵产品是我最大的兴趣，欢迎剁手党关注~~,208165,60,0,157132,广东 广州
4492119899341711	,2503483734	,2021-06-24 07:47:15,移动遥控器是真的难用,2766920827,我爱叫什么就叫什么谁也管不到,我的理想有些仓促，是前途，是平静，是温柔。,1243,98,0,2390,山东 济南
4492119899341711	,2503483734	,2020-04-11 14:12:00,我家前几天刚换成移动,2853079634,酣酣鸣夏,📝生活,603,775,0,1815,湖北 武汉
4492119899341711	,2503483734	,2020-04-10 13:21:19,不过电信现在是一个剧5块包24小时诶,3005826841,dadadadadarr,平淡而珍贵,124,155,0,2,湖北 武汉
4492119899341711	,2503483734	,2020-04-10 11:19:53,您好，很抱歉给您带来不愉快的心情，请您通过私信提供一下您的号码和具体问题，我们会进一步详细了解并核实，感谢您的支持。,2001627641,中国移动,你的围脖好友、身边的通信专家，又和你见面啦！在这里，中国移动“和”你一起，分享新业务、新服务与新技术。感谢有你，一路相伴~了解更多资讯，请登录www.10086.cn,11837692,648,0,53545,北京 西城区
4492809505100284	,2213144653	,2020-04-20 13:12:10,老哥，最后你的怎么解决的？,5589945452,地球善待植物组织,,21,205,0,262,河南 郑州
4492809505100284	,2213144653	,2020-04-12 09:58:08,您好，很抱歉给您带来不愉快的心情，请您通过私信提供一下您的号码和具体问题，我们会进一步详细了解并核实，感谢您的支持。,2001627641,中国移动,你的围脖好友、身边的通信专家，又和你见面啦！在这里，中国移动“和”你一起，分享新业务、新服务与新技术。感谢有你，一路相伴~了解更多资讯，请登录www.10086.cn,11837692,648,0,53545,北京 西城区
4499141307122699	,3788629072	,2020-04-29 20:18:02,[色]1111122255577799999,7156655124,吃掉菜芽菌,每日更新美食精选，专注美食，多多关注哦！,11022,223,0,141167,北京 东城区
4499141307122699	,3788629072	,2020-04-29 20:17:11,[喜],6879872033,种草盘他菌,每日母婴精选时时更新！没有公主的命，但要有女王的心！,16230,366,0,149954,北京 朝阳区
4499141307122699	,3788629072	,2020-04-29 20:15:15,[舔屏]666888,2706436521,神券歌,没有公主的命，但要有女王的心！,11023,310,0,145264,北京 朝阳区
4499141307122699	,3788629072	,2020-04-29 20:12:30,[1]http://t.cn/A6AUA07H ,3788629072,传奇精选,精选优质生活，关注我！,19426,437,0,156145,北京
4499141307122699	,3788629072	,2020-04-29 20:12:29,可以可以可以,7189916882,小雪旅行,大家好！ 我是小雪🌿 一个喜欢旅游的90后小姑娘 因为我经常出去旅游所以认识很多喜欢旅游的朋友！ 如果大家喜欢我就可以关注我大家一起去旅行谢谢！,747937,668,0,33444,北京 东城区
4499141143503127	,2615659173	,2020-04-29 20:14:39,大乔来支持你啦,5792143556,大乔仙女君,,83538,2211,0,19240,香港 其他
4499141143503127	,2615659173	,2020-04-29 20:11:51,[1]http://t.cn/A6AUAa8e ,2615659173,心选心愿,没有女王的命，但要有一颗女王的心,10697,506,0,146734,北京
4499140987883283	,6879872033	,2020-04-29 20:57:05,[礼物]新年快乐····[哆啦A梦吃惊][哆啦A梦吃惊][哆啦A梦吃惊][哆啦A梦吃惊],3788629072,传奇精选,精选优质生活，关注我！,19426,437,0,156145,北京
4499140987883283	,6879872033	,2020-04-29 20:16:02,数由心中生，法无一定法，类象万物情，通悟神明德。,3194177182,数字能量改运学,中国伏羲易学研究学会会员，中国高级风水师、命理预测师，乐活学院联合创始人、导师。 加徽💚：2278313，分析号码、改选号码，学员培训，内部书籍。,108120,1671,0,8499,重庆 涪陵区
4499140987883283	,6879872033	,2020-04-29 20:11:14,[1]http://t.cn/A6AUAIDV ,6879872033,种草盘他菌,每日母婴精选时时更新！没有公主的命，但要有女王的心！,16230,366,0,149954,北京 朝阳区
4499140832675967	,7156655124	,2020-04-29 20:10:37,[1]http://t.cn/A6AUAGs0 ,7156655124,吃掉菜芽菌,每日更新美食精选，专注美食，多多关注哦！,11022,223,0,141167,北京 东城区
4499140677727675	,2706436521	,2020-04-29 20:11:47,[委屈],2615659173,心选心愿,没有女王的命，但要有一颗女王的心,10697,506,0,146734,北京
4499140677727675	,2706436521	,2020-04-29 20:11:24,每个人都有青春，每个青春都有故事，每个故事都有遗憾，每个遗憾都有回味不尽的美味——西门五叔,2624620987,小野岭子,回头看，轻舟已过万重山。,1449926,1022,0,44809,北京
4499140677727675	,2706436521	,2020-04-29 20:10:00,[1]http://t.cn/A6AUA29u ,2706436521,神券歌,没有公主的命，但要有女王的心！,11023,310,0,145264,北京 朝阳区
4511332567389449	,6666344697	,2020-07-11 11:31:43,你们后来是怎么变成可以装的啊。我们小区也这样。,3659056891,Sang-Chi,RECONFIGURATION,81,421,0,2032,湖北
4514334900893099	,2962264604	,2020-06-10 18:26:25,[1]http://t.cn/A62FrFTC ,2962264604,白菜博主,酒在肚子里，事在心里，中间总好象隔着一层，无论喝多少酒，都淹不到心上去,44099,4846,0,266470,海外 美国
4514334900893099	,2962264604	,2020-06-10 18:26:20,找其他商品戳 : http://t.cn/A6z6QaNa,2962264604,白菜博主,酒在肚子里，事在心里，中间总好象隔着一层，无论喝多少酒，都淹不到心上去,44099,4846,0,266470,海外 美国
4515763077741508	,2962264604	,2020-06-14 17:01:29,[1]http://t.cn/A62FrFTC ,2962264604,白菜博主,酒在肚子里，事在心里，中间总好象隔着一层，无论喝多少酒，都淹不到心上去,44099,4846,0,266470,海外 美国
4515763077741508	,2962264604	,2020-06-14 17:01:25,找其他商品戳 : http://t.cn/A6z6QaNa,2962264604,白菜博主,酒在肚子里，事在心里，中间总好象隔着一层，无论喝多少酒，都淹不到心上去,44099,4846,0,266470,海外 美国
4516361982926982	,2770288485	,2020-06-16 08:41:19,[1]http://t.cn/A6LqltTX ,2770288485,性感软妹子,情景剧编剧,1230635,2709,0,109055,其他
4520838748368850	,1767965872	,2020-06-28 18:55:12,有媒体想采访报道的，可以私信我，我可以投诉人的电话。,1767965872,不进则退888,真正的禅机只在当下。不妨从每个人的工作关系中看出秩序，从自己的凝神生活中看出空灵，不必等闲情亦有舒畅,483,156,1,104,江西
4520838748368850	,1767965872	,2020-06-28 17:58:32,里面有一个链接是录音，更让人气愤！中国移动的工作人员简直在强词夺理。,1767965872,不进则退888,真正的禅机只在当下。不妨从每个人的工作关系中看出秩序，从自己的凝神生活中看出空灵，不必等闲情亦有舒畅,483,156,0,104,江西
4520838748368850	,1767965872	,2020-06-28 17:24:03,您好，您遇到的问题可以通过私信联系我们，我们会竭诚为您服务。,1991428685,中国移动10086,给大家提供满意的服务，我们是专业的⁄(⁄ ⁄•⁄ω⁄•⁄ ⁄)⁄,19948794,559,0,51612,北京
4522536845631719	,2184573631	,2020-07-03 11:58:06,这些垄断性的企业就跟流氓一样,2477844523,千霜晚,进退莫疑，自有佳期！,542,449,0,967,陕西 商洛
4522536845631719	,2184573631	,2020-07-03 10:19:50,您好，非常抱歉给您带来不良感知，您遇到的问题可以通过私信联系我们，我们会尽快帮您核实的，谢谢！,2001627641,中国移动,你的围脖好友、身边的通信专家，又和你见面啦！在这里，中国移动“和”你一起，分享新业务、新服务与新技术。感谢有你，一路相伴~了解更多资讯，请登录www.10086.cn,11837691,648,0,53545,北京 西城区
4523666950004123	,1697173353	,2020-07-06 18:37:07,语音遥控器。。真是醉了。。[衰],1616684874,小倩爱吃小甜点,忙着可爱！,561,349,0,4796,山东 济南
4523666950004123	,1697173353	,2020-07-06 14:14:46,您好！小编非常理解您的心情，您先别着急，请将您的移动号码通过私信发送给我们，我们会尽快帮您核实，核实后回复您，谢谢关注！,2294213187,sdydzxkf01,,195,126,0,205,山东 济南
4528147476775280	,1846122237	,2020-07-19 22:43:23,套路就是如此,7339240217,30而立奋斗吧,,55,16,0,19,其他
4528147476775280	,1846122237	,2020-07-19 09:32:25,您好，非常理解您此刻的心情，请您私信告知出现问题的号码及您的联系电话，我们为您上报核实一下，谢谢！,2001627641,中国移动,你的围脖好友、身边的通信专家，又和你见面啦！在这里，中国移动“和”你一起，分享新业务、新服务与新技术。感谢有你，一路相伴~了解更多资讯，请登录www.10086.cn,11837691,648,0,53545,北京 西城区
4539743487137478	,2455005600	,2020-08-19 21:10:55,"http://t.cn/A6U3vCdw，打不开的话,復.制这条,打开【手.掏】即可✔HdR9ccEMndV✔",2455005600,搞笑味,本博发布信息不代表自己思想和想法，我还是我，一只逗比、段子狗、有点污。,1118107,199,0,46295,广东 广州
4544055528137701	,1581444865	,2020-09-01 09:02:42,您好，很抱歉给您带来不愉快的心情，请您通过私信提供一下您的号码和具体问题，我们会进一步详细了解并核实，感谢您的支持。,1991428685,中国移动10086,给大家提供满意的服务，我们是专业的⁄(⁄ ⁄•⁄ω⁄•⁄ ⁄)⁄,19948787,559,0,51612,北京
4544055528137701	,1581444865	,2020-08-31 19:03:59,移动又贵网又慢[摊手],1739080703,怀臻开学又在写作业,不耍流氓的流氓不是好流氓，，，,157,265,0,2131,江苏 常州
4562638912620740	,6320322625	,2020-10-22 01:29:10,你好，你感兴趣的“中国移动”已开通了超话社区～ 超话社区是微博旗下兴趣互动社区，快来与志同道合的小伙伴们一起交流互动吧！ 戳我进入>> #中国移动[超话]#,5878659096,超话社区,,238312285,1577,0,25837,北京
4572980740360095	,5337770345	,2020-11-19 15:36:58,您好，很抱歉给您带来不愉快的心情，烦请您私信描述一下遇到的具体问题，工作人员一定会尽力帮您的，感谢您的支持。,2001627641,中国移动,你的围脖好友、身边的通信专家，又和你见面啦！在这里，中国移动“和”你一起，分享新业务、新服务与新技术。感谢有你，一路相伴~了解更多资讯，请登录www.10086.cn,11837686,648,0,53545,北京 西城区
4574850590968213	,5999479475	,2020-11-24 18:44:52,中国移动就是个大骗子！老人去交话费，劝老人办了宽带，说影视VIP免费送，办完就不给了！真不要脸！辽宁移动！投诉一年也不理不管！这服务，咋不死呢？,1403009411,股途取经,平凡俗世中挣扎的快乐精灵,441,670,0,1804,辽宁 沈阳
4575975175883913	,6012268529	,2020-11-28 09:47:20,您好，很抱歉给您带来不愉快的心情，烦请您私信描述一下遇到的具体问题，工作人员一定会尽力帮您的，感谢您的支持。,2001627641,中国移动,你的围脖好友、身边的通信专家，又和你见面啦！在这里，中国移动“和”你一起，分享新业务、新服务与新技术。感谢有你，一路相伴~了解更多资讯，请登录www.10086.cn,11837686,648,0,53545,北京 西城区
4575975175883913	,6012268529	,2020-11-27 20:43:15,难道2010年出台的文件现在就不执行了？,6012268529,铜官记,记录铜川身边的事！,10345,197,1,1531,其他
4582841553521310	,2289119877	,2020-12-16 19:27:15,你好，你感兴趣的“中国移动”已开通了超话社区～ 超话社区是微博旗下兴趣互动社区，快来与志同道合的小伙伴们一起交流互动吧！ 戳我进入>> #中国移动[超话]#,5878659096,超话社区,,238312285,1577,0,25837,北京
4589254897042388	,5547223818	,2021-01-04 16:51:28,您好，如果您在使用移动业务过程中有任何的疑问，您可以私信形式联系我们，我们会尽快回复您，感谢您对中国移动关注与支持！,1991428685,中国移动10086,给大家提供满意的服务，我们是专业的⁄(⁄ ⁄•⁄ω⁄•⁄ ⁄)⁄,19948782,559,0,51612,北京
4591113911941115	,5999479475	,2021-01-09 02:47:19,你好，你感兴趣的“智慧家庭”已开通了超话社区～ 超话社区是微博旗下兴趣互动社区，快来与志同道合的小伙伴们一起交流互动吧！ 戳我进入>> #智慧家庭[超话]#,5878659096,超话社区,,238312285,1577,0,25837,北京
4593611260304264	,5725620131	,2021-01-19 08:25:20,移动垃圾的一批，我之前已经取消了所有套餐，现在还月月扣我53，问客服也说不出来钱花哪儿了，就是欺负人，我都准备换卡了。,5737338750,SUNMENG_A,FREE,72,456,0,91,浙江 杭州
4593611260304264	,5725620131	,2021-01-18 15:53:54,您好，您的问题我们已收到，我们非常重视，麻烦您将联系方式私信给我们，我们尽快与您联系，及时核查处理此问题。,1888536465,浙江移动10086,【微关注】：发送 浙江移动10086 到 10690090605，及时了解浙江移动最新通信信息，4G网络，G3手机一个都不能少！最热业务、促销，优惠即刻拥有！最给力微活动，你今天转发了吗！【微合作】：请发送私信给我们，简要描述合作内容及联系方式，以便我们联系； 【微投稿】：分享你身边和移动有关的趣事，各位童鞋可通过私信方式向我们投稿，格式为：【#微投稿#】+微博内容； 【微服务】：每天8:00--22:00专人在线服务，格式为：【#建议#】【#提问#】【#微活动#】【#我要反馈#】+需要求助的内容，以便客服人员分类、回复。,4808231,399,0,25167,浙江
4593611260304264	,5725620131	,2021-01-15 13:40:14,我上个月流量费莫名其妙的花了120,5747915344,yiyi97-,胖虎🐱的日常～,98,152,0,220,浙江 杭州
4593611260304264	,5725620131	,2021-01-15 12:42:13,你好，你感兴趣的“中国移动”已开通了超话社区～ 超话社区是微博旗下兴趣互动社区，快来与志同道合的小伙伴们一起交流互动吧！ 戳我进入>> #中国移动[超话]#,5878659096,超话社区,,238312285,1577,0,25837,北京
4609553595370606	,6484844056	,2021-02-28 17:00:28,您好，很抱歉给您带来不愉快的心情，请您通过私信提供一下您的号码和具体问题，我们会进一步详细了解并核实，感谢您的支持。,2001627641,中国移动,你的围脖好友、身边的通信专家，又和你见面啦！在这里，中国移动“和”你一起，分享新业务、新服务与新技术。感谢有你，一路相伴~了解更多资讯，请登录www.10086.cn,11837683,648,0,53545,北京 西城区
4619321446239016	,1265054572	,2021-04-05 20:38:26,我也在家遇到了这个情况，帮你找官方@中国消费者协会,2095365142,ZKSeraph,有些事情，你能想通，也能接受，但还是会难过。 ​​​​,286,333,0,642,山东
4619321446239016	,1265054572	,2021-03-27 13:07:30,你好！我是徐州移动工作人员，关于您反映的问题，将有工作人员联系您尽快处理问题的。感谢您对中国移动的支持与信赖！,6548110895,我心飞扬china-js-xz,我心向阳,56,216,0,31,江苏 徐州
4626188028347474	,1814742420	,2021-04-15 10:42:11,您好，很抱歉给您带来不愉快的心情，请您通过私信提供一下您的号码和具体问题，我们会进一步详细了解并核实，感谢您的支持。,1991428685,中国移动10086,给大家提供满意的服务，我们是专业的⁄(⁄ ⁄•⁄ω⁄•⁄ ⁄)⁄,19948778,559,0,51612,北京
4627084506564915	,1260758765	,2021-04-18 09:41:11,您好，很抱歉给您带来不愉快的心情，请您通过私信提供一下您的号码和具体问题，我们会进一步详细了解并核实，感谢您的支持。,1991428685,中国移动10086,给大家提供满意的服务，我们是专业的⁄(⁄ ⁄•⁄ω⁄•⁄ ⁄)⁄,19948778,559,0,51612,北京
4627084506564915	,1260758765	,2021-04-18 05:45:33,你也是厉害[笑cry][笑cry],1258172092,语冰_可说不可说,以下言论，都是双鱼VS处女&枭神VS食神对冲出来的。,3356,359,0,19321,山东 潍坊
4634198335296521	,3762224460	,2021-05-07 14:55:52,您好，很抱歉给您带来不愉快的心情，请您通过私信提供一下您的号码和具体问题，我们会进一步详细了解并核实，感谢您的支持。,2001627641,中国移动,你的围脖好友、身边的通信专家，又和你见面啦！在这里，中国移动“和”你一起，分享新业务、新服务与新技术。感谢有你，一路相伴~了解更多资讯，请登录www.10086.cn,11837680,648,0,53546,北京 西城区
4634198335296521	,3762224460	,2021-05-07 13:12:56,@黑猫投诉,3762224460,雪子敏儿,一个你，一个我。,19,154,0,122,四川 泸州
4638256002238078	,5201847076	,2021-07-19 11:11:55,后续：最后撕移动撕回来了点，包年vip改成包月vip，最后付了一个月的教育频道vip钱。魔百盒很坑人，每个频道都要开不同的vip，资源又少，不如开其他软件vip值，姐妹们酌情考虑吧。大家一定要打客服电话，把订购自动扣话费改成扫二维码付款，不然就会发生我这样的情况[泪],5201847076,轻罗小扇扑__,,782,159,1,1438,海外
4638256002238078	,5201847076	,2021-07-18 15:18:12,是不是手机套餐免费上门安装宽带 附加的增值业务魔百盒啊,3748412121,羽暁然,,423,741,1,1451,上海
4638256002238078	,5201847076	,2021-05-20 15:05:20,您好，很抱歉给您带来不愉快的心情，请您通过私信提供一下您的号码和具体问题，我们会进一步详细了解并核实，感谢您的支持。,1991428685,中国移动10086,给大家提供满意的服务，我们是专业的⁄(⁄ ⁄•⁄ω⁄•⁄ ⁄)⁄,19948776,559,0,51612,北京
4638256002238078	,5201847076	,2021-05-19 00:31:00,真的恶心。每月扣15，里面免费的资源少得可怜，又要开会员，问题是还是捆绑消费[挖鼻],6862658984,午后红茶呀64868,,2,13,1,37,广西 南宁
4640689395335187	,2931502410	,2021-05-25 16:43:39,您好，很抱歉给您带来不愉快的心情，请您通过私信提供一下您的号码和具体问题，我们会进一步详细了解并核实，感谢您的支持。,1991428685,中国移动10086,给大家提供满意的服务，我们是专业的⁄(⁄ ⁄•⁄ω⁄•⁄ ⁄)⁄,19948775,559,0,51612,北京
4651011678147161	,2158456337	,2021-06-23 08:39:04,您好，请您通过私信提供一下您的号码和具体问题，我们会进一步详细了解并核实，感谢您的支持。,1991428685,中国移动10086,给大家提供满意的服务，我们是专业的⁄(⁄ ⁄•⁄ω⁄•⁄ ⁄)⁄,19948774,559,0,51612,北京
4651357246326399	,1571128607	,2021-06-25 17:06:42,每天投诉几遍，明确要求解决时间，到时间不解决或者方案不满意，走工信部电信用户申诉受理中心 http://t.cn/A6biUBHk[航天员],1963949523,orange_i,因为心浪，所以微勃。,61,132,0,509,河北 石家庄
4651357246326399	,1571128607	,2021-06-24 08:56:25,亲，很抱歉给您带来不愉快的体验，为了保障您的信息安全和更好的了解相关情况，您可以把您的手机号码、遇到的具体问题、归属地市以私信发给我们，工作人员核实后会尽快联系您的，感谢您的关注。,1812610191,江苏移动,如有投诉或咨询，请拨打10086或访问中国移动江苏http://wap.js.10086.cn,462949,153,0,5763,江苏 南京
4652815392446458	,6392311806	,2021-06-28 20:16:59,买个华为智慧屏，带上直播伴侣，直接语音换台岂不美滋滋,5679793807,面积归一法,微博单机版好无聊,370,416,0,1195,江苏 泰州
4652815392446458	,6392311806	,2021-06-28 09:16:10,您好，很抱歉给您带来不愉快的心情，请您通过私信提供一下您的号码和具体问题，我们会进一步详细了解并核实，感谢您的支持。,1991428685,中国移动10086,给大家提供满意的服务，我们是专业的⁄(⁄ ⁄•⁄ω⁄•⁄ ⁄)⁄,19948774,559,0,51612,北京
4652815392446458	,6392311806	,2021-06-27 21:51:59,用手机遥控。,1720785275,江学爱好者,江泽住民研习会。,401,252,0,1344,其他
4654994382395414	,2532911404	,2021-07-04 09:01:48,您好，如果您在使用移动业务过程中有任何的疑问，您可以私信形式联系我们，我们会尽快回复您，感谢您对中国移动关注与支持！,2001627641,中国移动,你的围脖好友、身边的通信专家，又和你见面啦！在这里，中国移动“和”你一起，分享新业务、新服务与新技术。感谢有你，一路相伴~了解更多资讯，请登录www.10086.cn,11837677,648,0,53546,北京 西城区
4661479812631193	,5258570693	,2021-07-22 15:16:46,您好，给您带来不好的体验深表歉意，您遇到的问题可以通过私信联系我们，我们会竭诚为您服务的。,1991428685,中国移动10086,给大家提供满意的服务，我们是专业的⁄(⁄ ⁄•⁄ω⁄•⁄ ⁄)⁄,19948771,559,0,51612,北京
4662877942711036	,3754589865	,2021-07-26 10:45:39,您好，如果您在使用移动业务过程中有任何的疑问，您可以私信形式联系我们或可呼入服务热线10086提供诉求号码以便我方进一步沟通处理，感谢您对中国移动关注与支持！,7500340305,莆田移动服务监督,,0,30,0,0,福建
4662877942711036	,3754589865	,2021-07-25 16:28:38,您好，请您通过私信提供一下您的号码和具体问题，我们会进一步详细了解并核实，感谢您的支持。,2001627641,中国移动,你的围脖好友、身边的通信专家，又和你见面啦！在这里，中国移动“和”你一起，分享新业务、新服务与新技术。感谢有你，一路相伴~了解更多资讯，请登录www.10086.cn,11837677,648,0,53546,北京 西城区
4662971991852245	,1663536052	,2021-07-26 15:10:12,移动垃圾,2246396754,_TheSunGoesDown_,手机铃声是You will never walk alone,482,366,0,12338,其他
4662971991852245	,1663536052	,2021-07-26 10:24:06,你咋不用联通的,2277391275,blackduckchow,YNWA 好运,800,853,0,321,四川
4662971991852245	,1663536052	,2021-07-26 08:07:57,尊敬的用户您好，请您私信告知号码，我们将查询业务具体办理情况，感谢您的支持！,2307972011,江苏移动南京公司,,1744,204,0,8076,江苏
4662971991852245	,1663536052	,2021-07-26 06:38:15,我家也是这样，电视都没打开，直接按了下遥控器，就订上了，可绝了,1793263277,丹daisy丹爱生活,,448,716,0,1940,江苏 徐州
4662961907960178	,1663536052	,2021-07-27 00:38:37,您好，请您通过私信提供一下您的号码和具体问题，我们会进一步详细了解并核实，感谢您的支持。,1991428685,中国移动10086,给大家提供满意的服务，我们是专业的⁄(⁄ ⁄•⁄ω⁄•⁄ ⁄)⁄,19948771,559,0,51612,北京
4662961907960178	,1663536052	,2021-07-25 21:49:45,肯定是有鬼魂[裂开],1760991797,kk啤酒罐,人类的悲欢并不相通,500,661,0,8625,其他
4662961907960178	,1663536052	,2021-07-25 21:42:23,哈哈哈哈哈离谱,1866317325,三井寿退社,You’re free to attend my funeral.,2316,793,0,8685,海外
4670513643259773	,1779480181	,2021-08-25 16:20:31,您好，给你带来不好感知表示歉意，请留下您的联系方式以便我方核实处理。,2462048242,河北-石家庄移动,想关注我们？无需下载微博客户端，无需打开网页......只需编辑“任意内容”发送到106900900911088即可。手机号就是您的登录名、密码更好记！快告诉身边的闺蜜吧！,7213,179,0,2373,河北
4670513643259773	,1779480181	,2021-08-25 16:19:41,您好！给你带来不好感知表示歉意，请留下您的联系方式以便我方核实处理。,2462048242,河北-石家庄移动,想关注我们？无需下载微博客户端，无需打开网页......只需编辑“任意内容”发送到106900900911088即可。手机号就是您的登录名、密码更好记！快告诉身边的闺蜜吧！,7213,179,0,2373,河北
4670513643259773	,1779480181	,2021-08-15 20:49:45,携号转网吧，今天刚办了,5344521768,依燕燕,最初的天堂，最终的荒唐,90,189,0,1098,河北 石家庄
4670513643259773	,1779480181	,2021-08-15 17:50:08,发出来曝光是因为联系客服，客服没有权限取消,1779480181,時光如初D,“没有什么岁月静好，只不过是有人替你负重前行”,231,652,0,1693,河北 石家庄
4670513643259773	,1779480181	,2021-08-15 17:48:38,真是店大欺客啊！！,1779480181,時光如初D,“没有什么岁月静好，只不过是有人替你负重前行”,231,652,0,1693,河北 石家庄
4677290396750427	,6553489796	,2021-09-03 11:17:59,你这是被移动工作人员话术套路了。,2411596703,打工志愿者,一入电信深似海，坑蒙拐骗到还行？中国电信纪检部门应该查一查乱扣用户流量费，给用户乱开通业务的事情，家有家法、国有国法，陕西电信没有王法？,1598,2400,0,22217,陕西
4677368860639483	,1659643027	,2021-09-03 15:54:43,那不得要会员吗？？？,5333891096,比尔丶Landy,不要拿别人的错误来惩罚自己！,169,481,1,1342,云南 昭通
4702745070931148	,6385232673	,2021-11-12 17:08:04,您好，请您通过微博私信提供一下您的号码和具体问题，收到后我们会尽快核实给您回复，为节省等待时间，推荐您通过我公司自助填单服务反馈您所遇到的问题，自助填单服务地址http://t.cn/A6VR8DnB，感谢您的支持。,2001627641,中国移动,你的围脖好友、身边的通信专家，又和你见面啦！在这里，中国移动“和”你一起，分享新业务、新服务与新技术。感谢有你，一路相伴~了解更多资讯，请登录www.10086.cn,11837676,648,0,53546,北京 西城区
4710609130620097	,5335444543	,2021-12-04 12:29:27,修好了[航天员][航天员][航天员],5335444543,无忧招财猫,日常碎碎念,175,289,0,387,山西 临汾
4711560298365373	,3321111482	,2021-12-07 09:44:12,您好，请您通过微博私信提供一下您的号码和具体问题，收到后我们会尽快核实给您回复，为节省等待时间，推荐您通过我公司自助填单服务反馈您所遇到的问题，自助填单服务地址http://t.cn/A6VR8DnB，感谢您的支持。,2001627641,中国移动,你的围脖好友、身边的通信专家，又和你见面啦！在这里，中国移动“和”你一起，分享新业务、新服务与新技术。感谢有你，一路相伴~了解更多资讯，请登录www.10086.cn,11837673,648,0,53546,北京 西城区
4712593740008762	,3194153385	,2021-12-09 22:29:39,一个收取服务费10元，哪怕1元也可以[挤眼],7402789317,东江草根,极端交易者（所有微博都是记录自己的投资心路历程，只对自己负责）,373,34,0,1900,广东 惠州
4712593740008762	,3194153385	,2021-12-09 21:51:50,[good],7019228723,缘分81520,,213,46,0,26,其他
4712593740008762	,3194153385	,2021-12-09 21:41:38,关键怎么变现？,5824845991,人工智能终端入口,,284,151,0,19,福建 漳州
4718772316015559	,5642400207	,2021-12-27 23:40:43,早干嘛去了[二哈],1824591461,界线_,此生尽兴赤诚善良,537,559,0,650,河南 周口
4718772316015559	,5642400207	,2021-12-26 22:18:27,当时应该让他加我的微信,6341504438,游乐园越来越爱吃银龙鱼,要做一个只记得快乐和知识的人。,92,165,0,1528,北京
4732631265050968	,3503677823	,2022-02-03 16:52:27,您好，请您通过微博私信提供一下您的号码和具体问题，收到后我们会尽快核实给您回复，为节省等待时间，推荐您通过我公司自助填单服务反馈您所遇到的问题，自助填单服务地址http://t.cn/A6VR8DnB，感谢您的支持。,1991428685,中国移动10086,给大家提供满意的服务，我们是专业的⁄(⁄ ⁄•⁄ω⁄•⁄ ⁄)⁄,19948760,559,0,51612,北京
4736407463002715	,1653953053	,2022-02-13 13:43:30,[1]http://t.cn/A6iE4hiE ,1653953053,淘宝券京东券优惠券优惠卷优惠劵,自助查券看置顶,602384,93,0,224753,浙江 温州
